{
  "GET /posts - Listagem" : {
    "transaction" : "GET /posts - Listagem",
    "sampleCount" : 500,
    "errorCount" : 0,
    "errorPct" : 0.0,
    "meanResTime" : 53.09,
    "medianResTime" : 33.0,
    "minResTime" : 25.0,
    "maxResTime" : 1232.0,
    "pct1ResTime" : 40.0,
    "pct2ResTime" : 48.0,
    "pct3ResTime" : 1043.99,
    "throughput" : 6.408284630370143,
    "receivedKBytesPerSec" : 179.31892350430635,
    "sentKBytesPerSec" : 1.2140695491130933
  },
  "GET /posts/1 - Detalhe" : {
    "transaction" : "GET /posts/1 - Detalhe",
    "sampleCount" : 500,
    "errorCount" : 0,
    "errorPct" : 0.0,
    "meanResTime" : 12.473999999999998,
    "medianResTime" : 12.0,
    "minResTime" : 9.0,
    "maxResTime" : 33.0,
    "pct1ResTime" : 15.0,
    "pct2ResTime" : 16.0,
    "pct3ResTime" : 24.0,
    "throughput" : 6.4887031677848865,
    "receivedKBytesPerSec" : 9.112065581322916,
    "sentKBytesPerSec" : 1.2419783407088258
  },
  "Total" : {
    "transaction" : "Total",
    "sampleCount" : 1000,
    "errorCount" : 0,
    "errorPct" : 0.0,
    "meanResTime" : 32.782000000000004,
    "medianResTime" : 26.0,
    "minResTime" : 9.0,
    "maxResTime" : 1232.0,
    "pct1ResTime" : 37.0,
    "pct2ResTime" : 40.0,
    "pct3ResTime" : 109.72000000000025,
    "throughput" : 12.674271229404308,
    "receivedKBytesPerSec" : 186.22722591888464,
    "sentKBytesPerSec" : 2.4135575095057034
  }
}